doc_id,vulgar_fractions,unicode_nfkc,typography,dehyphenate,references,urls,emoji,table_markup,page_numbers,digit_word_glue,whitespace
D01,0,970,62,0,0,0,0,0,0,0,2960
D02,0,44,42,0,0,0,4,0,0,1,4383
D03,0,2,23,0,0,0,0,0,0,3,2208
D04,0,86,33,0,0,0,0,0,0,0,4615
D05,0,16804,157,0,0,0,0,0,0,0,3381
D06,0,13209,58,0,0,0,0,0,0,0,2651
D07,0,8646,11,0,0,0,0,0,0,0,2658
D08,0,7670,19,0,0,1,0,0,0,0,3804
D09,0,0,45,0,0,4,0,0,0,0,9
D10,0,0,49,0,0,6,0,0,0,0,13
D11,0,0,47,0,0,4,0,0,0,0,8
D12,0,0,34,0,0,2,0,0,0,0,5
D13,0,6948,53,0,575,0,60,0,10,0,130
D14,0,0,1,0,0,0,4,0,0,0,45
D15,0,0,0,0,0,0,0,0,0,0,62
D16,0,49662,37,0,0,0,0,126,0,0,492
D17,0,0,7,0,0,0,0,0,0,1,171
D18,0,0,8,0,0,0,0,0,0,0,383
D19,0,3976,22,0,0,0,0,0,0,0,0
D20,0,8452,44,0,0,0,0,0,0,0,1
D21,0,1769,8,0,0,0,0,0,0,0,0
D22,0,3514,5,0,0,0,0,0,0,0,0
D23,0,3788,6,0,0,0,0,0,0,0,0
D24,0,6388,1,0,0,0,0,0,0,1,0
D25,1,0,0,0,0,0,0,0,0,0,1
D26,1,0,0,0,0,0,0,0,0,0,1
D27,0,0,0,0,0,0,0,0,0,0,0
D28,0,0,0,0,0,0,0,0,0,0,0
D29,0,0,0,0,0,0,0,25,0,0,7
D30,0,0,0,0,0,0,0,2,0,0,0
