doc_id,title,format,layer,synthetic,sentences,sentences_spacy,tokens,word_tokens,characters,raw_characters,vocabulary,type_token_ratio,hapax
D01,"OpenStax Prealgebra 2e, section 4.1 Visualize Fractions",XML (CNXML + MathML),concept,False,618.0,618.0,5498.0,4777.0,26685.0,29635.0,739.0,0.1547,355.0
D02,"OpenStax Prealgebra 2e, section 4.2 Multiply and Divide Fractions",XML (CNXML + MathML),concept,False,722.0,723.0,4164.0,3344.0,20261.0,24643.0,775.0,0.2318,418.0
D03,"OpenStax Prealgebra 2e, section 4.4 Add and Subtract Fractions with Common Denominators",XML (CNXML + MathML),concept,False,336.0,336.0,2029.0,1605.0,9635.0,11836.0,510.0,0.3178,296.0
D04,"OpenStax Prealgebra 2e, section 4.5 Add and Subtract Fractions with Different Denominators",XML (CNXML + MathML),concept,False,724.0,724.0,4662.0,3705.0,22696.0,27305.0,811.0,0.2189,482.0
D05,"OpenStax Prealgebra 2e, section 5.1 Decimals",XML (CNXML + MathML),concept,False,688.0,685.0,5216.0,4539.0,25675.0,29028.0,804.0,0.1771,438.0
D06,"OpenStax Prealgebra 2e, section 5.3 Decimals and Fractions",XML (CNXML + MathML),concept,False,496.0,496.0,2936.0,2413.0,14537.0,17156.0,679.0,0.2814,426.0
D07,"OpenStax Prealgebra 2e, section 5.6 Ratios and Rate",XML (CNXML + MathML),concept,False,549.0,548.0,4487.0,3828.0,20864.0,23518.0,862.0,0.2252,454.0
D08,"OpenStax Prealgebra 2e, section 6.1 Understand Percent",XML (CNXML + MathML),concept,False,692.0,691.0,4068.0,3462.0,19619.0,23422.0,835.0,0.2412,500.0
D09,"ACL 2025: knowledge tracing, tutoring and education papers (incl. SQKT)",XML (ACL Anthology),research,False,308.0,310.0,7200.0,6031.0,45272.0,45437.0,1914.0,0.3174,1151.0
D10,EMNLP 2025: knowledge tracing and education papers (incl. CIKT),XML (ACL Anthology),research,False,297.0,301.0,7383.0,6196.0,46713.0,46922.0,2015.0,0.3252,1224.0
D11,"BEA workshops 2023-2025: feedback, tutoring and misconception papers",XML (ACL Anthology),research,False,341.0,344.0,8099.0,6956.0,50500.0,50751.0,1920.0,0.276,1122.0
D12,"Dataset papers: MathDial, TalkMoves, MaE and related education datasets",XML (ACL Anthology),research,False,249.0,247.0,5213.0,4450.0,32101.0,32181.0,1564.0,0.3515,1002.0
D13,TalkMoves coding manual (teacher and student talk moves),PDF,research,False,345.0,351.0,2748.0,2250.0,13979.0,14693.0,596.0,0.2649,323.0
D14,MathDial dataset card (README),Markdown,research,False,70.0,69.0,751.0,651.0,4633.0,4678.0,332.0,0.51,231.0
D15,MaE Math Misconceptions and Errors dataset card (README),Markdown,research,False,170.0,170.0,1242.0,1042.0,7879.0,7941.0,448.0,0.4299,263.0
D16,MaE: 55 algebra misconceptions with 220 diagnostic examples,JSON,learner,False,2069.0,2039.0,25242.0,20231.0,127221.0,128110.0,2608.0,0.1289,1157.0
D17,"MathDial: 60 tutoring dialogues on fraction, ratio and percent problems (test split)",JSONL,learner,False,2395.0,2394.0,36368.0,29592.0,158730.0,158900.0,1213.0,0.041,333.0
D18,MathDial: 150 incorrect student solutions with teacher-described confusion,CSV,learner,False,1732.0,1733.0,24929.0,20730.0,111279.0,111662.0,2055.0,0.0991,654.0
D19,TalkMoves classroom transcript: Comparing Fractions 1_Grade 4,XLSX,learner,False,81.0,81.0,1190.0,958.0,5037.0,5021.0,199.0,0.2077,83.0
D20,TalkMoves classroom transcript: Comparing Fractions 2_Grade 4,XLSX,learner,False,180.0,179.0,2214.0,1733.0,9498.0,9471.0,272.0,0.157,98.0
D21,TalkMoves classroom transcript: Fraction as Number 1_Grade 4,XLSX,learner,False,71.0,71.0,773.0,594.0,3121.0,3113.0,153.0,0.2576,63.0
D22,TalkMoves classroom transcript: Martino Fraction Equivalence 1_Grade 4,XLSX,learner,False,99.0,103.0,1479.0,1200.0,6168.0,6166.0,223.0,0.1858,80.0
D23,TalkMoves classroom transcript: Video Mosaic Grade 4 Division of Fractions 1,XLSX,learner,False,131.0,131.0,1663.0,1340.0,7015.0,7009.0,256.0,0.191,103.0
D24,TalkMoves classroom transcript: Video Mosaic Grade 4 Number line and fractions,XLSX,learner,False,125.0,126.0,1603.0,1300.0,6805.0,6790.0,260.0,0.2,101.0
D25,"Student explanations of fraction, decimal and percent procedures",TXT,synthetic,True,41.0,41.0,700.0,604.0,2888.0,2886.0,206.0,0.3411,113.0
D26,Questions students ask during a fractions lesson,TXT,synthetic,True,30.0,30.0,353.0,318.0,1525.0,1523.0,142.0,0.4465,92.0
D27,Teacher observation notes on class misconceptions,DOCX,synthetic,True,52.0,52.0,512.0,408.0,2510.0,2510.0,234.0,0.5735,157.0
D28,Tutor chat log with one learner over three sessions,JSON,synthetic,True,40.0,40.0,426.0,306.0,2008.0,2008.0,152.0,0.4967,105.0
D29,Class web page: fractions unit lesson plan and schedule,HTML,synthetic,True,18.0,18.0,295.0,261.0,1664.0,1731.0,155.0,0.5939,114.0
D30,"Word-problem worksheet: fractions, decimals and percents",PDF,synthetic,True,37.0,37.0,322.0,283.0,1424.0,1428.0,180.0,0.636,133.0
TOTAL,30 documents,,,,13706.0,13688.0,163765.0,135107.0,807942.0,837474.0,10741.0,,
AVERAGE,per document,,,,456.9,,5458.8,,26931.4,,,,
