task,text,verb_object,noun_phrases
misconception detection (verbs + noun phrases),I did 1/2+1/3=2/5 because you add the tops and then add the bottoms.,do -> 1/2+1/3=2/5; add -> the tops; add -> the bottoms,I; 1/2+1/3=2/5; you; the tops; the bottoms
misconception detection (verbs + noun phrases),I added the top numbers and the bottom numbers so 2/7 + 3/7 = 5/14.,add -> the top numbers and the bottom numbers,I; the top numbers; the bottom numbers
misconception detection (verbs + noun phrases),For 3/4 + 1/4 I got 4/8 because 3 plus 1 is 4 and 4 plus 4 is 8.,get -> 4/8,I
misconception detection (verbs + noun phrases),"idk why its wrong, 2/3 + 1/6 is 3/9 cause u add across.",,its wrong; u
misconception detection (verbs + noun phrases),1/8 is bigger than 1/6 because 8 is bigger than 6.,,
misconception detection (verbs + noun phrases),"The fraction with the larger denominator is always the larger fraction, so 3/10 > 3/5.",,The fraction; the larger denominator; the larger fraction
concept tagging / indexing (noun phrases only),"To add fractions with a common denominator, add the numerators and place the sum over the common denominator.",,fractions; a common denominator; the numerators; the sum; the common denominator
concept tagging / indexing (noun phrases only),Find the least common denominator (LCD) and convert each fraction to an equivalent fraction.,,the least common denominator; LCD; each fraction; an equivalent fraction
concept tagging / indexing (noun phrases only),SQKT is a knowledge tracing model that uses students' questions and extracted skill information.,,SQKT; a knowledge tracing model; that; students' questions; skill information
