system,type,gold,predicted,correct,incorrect,missed,spurious,precision,recall,f1
model,ALL,161,109,66,32,63,11,0.6055,0.4099,0.4889
model,CONCEPT,19,1,0,1,18,0,0.0,0.0,0.0
model,DATASET,13,6,0,6,7,0,0.0,0.0,0.0
model,DATE,15,15,12,1,2,2,0.8,0.8,0.8
model,EVENT,5,4,0,4,1,0,0.0,0.0,0.0
model,GPE,9,8,8,0,1,0,1.0,0.8889,0.9412
model,KT_MODEL,9,5,0,5,4,0,0.0,0.0,0.0
model,METRIC,8,5,0,5,3,0,0.0,0.0,0.0
model,MISCONCEPTION,4,0,0,0,4,0,0.0,0.0,0.0
model,MONEY,13,0,0,0,13,0,0.0,0.0,0.0
model,ORG,19,23,15,2,2,6,0.6522,0.7895,0.7143
model,PERSON,40,39,31,5,4,3,0.7949,0.775,0.7848
model,PRODUCT,7,3,0,3,4,0,0.0,0.0,0.0
ruler,ALL,161,162,136,15,10,11,0.8395,0.8447,0.8421
ruler,CONCEPT,19,19,19,0,0,0,1.0,1.0,1.0
ruler,DATASET,13,12,11,1,1,0,0.9167,0.8462,0.88
ruler,DATE,15,16,13,1,1,2,0.8125,0.8667,0.8387
ruler,EVENT,5,4,0,4,1,0,0.0,0.0,0.0
ruler,GPE,9,8,8,0,1,0,1.0,0.8889,0.9412
ruler,KT_MODEL,9,9,9,0,0,0,1.0,1.0,1.0
ruler,METRIC,8,8,8,0,0,0,1.0,1.0,1.0
ruler,MISCONCEPTION,4,4,3,1,0,0,0.75,0.75,0.75
ruler,MONEY,13,13,13,0,0,0,1.0,1.0,1.0
ruler,ORG,19,24,17,1,1,6,0.7083,0.8947,0.7907
ruler,PERSON,40,39,31,5,4,3,0.7949,0.775,0.7848
ruler,PRODUCT,7,6,4,2,1,0,0.6667,0.5714,0.6154
