pipeline,stage,tokens,vocabulary
A,tokenized,163796,11996
A,lowercased,163796,10783
A,stopwords_removed,113793,10657
A,normalized,163796,8718
A,index_terms,85104,8549
B,tokenized,165568,11504
B,lowercased,165568,10280
B,stopwords_removed,165568,10280
B,normalized,165568,8975
B,index_terms,136273,8931
H,tokenized,159870,12284
H,lowercased,159870,11058
H,stopwords_removed,112705,10918
H,normalized,159870,9614
H,index_terms,86519,9456
C1,tokenized,163796,11996
C1,lowercased,163796,10783
C1,stopwords_removed,116322,10668
C1,normalized,163796,8718
C1,index_terms,87633,8559
C2,tokenized,165568,11504
C2,lowercased,165568,10280
C2,stopwords_removed,165568,10280
C2,normalized,165568,9539
C2,index_terms,136273,9495
C3,tokenized,192492,9273
C3,lowercased,192492,7910
C3,stopwords_removed,192492,7910
C3,normalized,192492,7910
C3,index_terms,156313,7748
H2,tokenized,159870,12284
H2,lowercased,159870,11058
H2,stopwords_removed,112729,10919
H2,normalized,159870,9308
H2,index_terms,89044,9454
