word,stem_porter,stem_snowball,stem_lancaster,stem_regexp,lemma_wordnet_nopos,lemma_wordnet_pos,lemma_spacy
denominators,denomin,denomin,denomin,denominator,denominator,denominator,denominator
numerators,numer,numer,num,numerator,numerator,numerator,numerator
numerical,numer,numer,num,numerical,numerical,numerical,numerical
fractions,fraction,fraction,fract,fraction,fraction,fraction,fraction
fractional,fraction,fraction,fract,fractional,fractional,fractional,fractional
simplifying,simplifi,simplifi,simpl,simplify,simplifying,simplify,simplify
simplification,simplif,simplif,simpl,simplification,simplification,simplification,simplification
multiplication,multipl,multipl,multiply,multiplication,multiplication,multiplication,multiplication
multiplied,multipli,multipli,multiply,multipli,multiplied,multiply,multiply
dividing,divid,divid,divid,divid,dividing,divide,divide
division,divis,divis,divid,division,division,division,division
equivalent,equival,equival,equ,equivalent,equivalent,equivalent,equivalent
misconceptions,misconcept,misconcept,misconceiv,misconception,misconception,misconception,misconception
conception,concept,concept,conceiv,conception,conception,conception,conception
generous,gener,generous,gen,generou,generous,generous,generous
general,gener,general,gen,general,general,general,general
university,univers,univers,univers,university,university,university,university
added,ad,ad,ad,add,added,add,add
adding,ad,ad,ad,add,adding,add,add
was,wa,was,was,was,wa,be,be
better,better,better,bet,better,better,well,well
halves,halv,halv,halv,halv,half,half,half
thirds,third,third,third,third,third,third,third
reciprocal,reciproc,reciproc,reciproc,reciprocal,reciprocal,reciprocal,reciprocal
percentages,percentag,percentag,perc,percentag,percentage,percentage,percentage
decimals,decim,decim,decim,decimal,decimal,decimal,decimal
studies,studi,studi,study,studi,study,study,study
explanations,explan,explan,expl,explanation,explanation,explanation,explanation
tutoring,tutor,tutor,tut,tutor,tutoring,tutor,tutor
comparing,compar,compar,comp,compar,comparing,compare,compare
