method,error,pair,forms
porter,over,numerator / numerical,numer / numer
porter,over,general / generous,gener / gener
porter,over,university / universe,univers / univers
porter,over,organ / organization,organ / organ
porter,over,conception / concept,concept / concept
porter,over,decimal / decimate,decim / decim
porter,over,mean / meaning,mean / mean
porter,over,product / production,product / product
porter,over,figure / figurative,figur / figur
porter,over,generate / general,gener / gener
porter,over,equation / equator,equat / equat
porter,over,author / authority,author / author
porter,over,experiment / experience,experi / experi
porter,under,divide / division,divid / divis
porter,under,multiply / multiplication,multipli / multipl
porter,under,simplify / simplification,simplifi / simplif
porter,under,add / addition,add / addit
porter,under,add / added,add / ad
porter,under,compare / comparison,compar / comparison
porter,under,explain / explanation,explain / explan
porter,under,convert / conversion,convert / convers
snowball,over,numerator / numerical,numer / numer
snowball,over,university / universe,univers / univers
snowball,over,organ / organization,organ / organ
snowball,over,conception / concept,concept / concept
snowball,over,decimal / decimate,decim / decim
snowball,over,mean / meaning,mean / mean
snowball,over,product / production,product / product
snowball,over,figure / figurative,figur / figur
snowball,over,equation / equator,equat / equat
snowball,over,author / authority,author / author
snowball,over,experiment / experience,experi / experi
snowball,under,divide / division,divid / divis
snowball,under,multiply / multiplication,multipli / multipl
snowball,under,simplify / simplification,simplifi / simplif
snowball,under,add / addition,add / addit
snowball,under,add / added,add / ad
snowball,under,compare / comparison,compar / comparison
snowball,under,explain / explanation,explain / explan
snowball,under,convert / conversion,convert / convers
lancaster,over,numerator / numerical,num / num
lancaster,over,general / generous,gen / gen
lancaster,over,university / universe,univers / univers
lancaster,over,organ / organization,org / org
lancaster,over,conception / concept,conceiv / conceiv
lancaster,over,decimal / decimate,decim / decim
lancaster,over,mean / meaning,mean / mean
lancaster,over,sum / summary,sum / sum
lancaster,over,product / production,produc / produc
lancaster,over,prime / primary,prim / prim
lancaster,over,factor / factory,fact / fact
lancaster,over,figure / figurative,fig / fig
lancaster,over,even / event,ev / ev
lancaster,over,generate / general,gen / gen
lancaster,over,equation / equator,equ / equ
lancaster,over,author / authority,auth / auth
lancaster,over,experiment / experience,expery / expery
lancaster,under,add / addition,ad / addit
lancaster,under,compare / comparison,comp / comparison
lancaster,under,explain / explanation,explain / expl
regexp,over,mean / meaning,mean / mean
regexp,under,fraction / fractional,fraction / fractional
regexp,under,divide / dividing,divide / divid
regexp,under,divide / division,divide / division
regexp,under,divide / divided,divide / divid
regexp,under,multiply / multiplication,multiply / multiplication
regexp,under,multiply / multiplied,multiply / multipli
regexp,under,simplify / simplified,simplify / simplifi
regexp,under,simplify / simplification,simplify / simplification
regexp,under,equivalent / equivalence,equivalent / equivalence
regexp,under,percentage / percentages,percentage / percentag
regexp,under,subtract / subtraction,subtract / subtraction
regexp,under,add / addition,add / addition
regexp,under,compare / comparing,compare / compar
regexp,under,compare / comparison,compare / comparison
regexp,under,estimate / estimation,estimate / estimation
regexp,under,proportion / proportional,proportion / proportional
regexp,under,explain / explanation,explain / explanation
regexp,under,trace / tracing,trace / trac
regexp,under,predict / prediction,predict / prediction
regexp,under,calculate / calculation,calculate / calculation
regexp,under,convert / conversion,convert / conversion
regexp,under,measure / measurement,measure / measurement
