variant,rank,ngram,count,frequency,total,unique
all,1,the,7116,0.052219,136273,8931
all,2,to,3602,0.026432,136273,8931
all,3,of,3484,0.025566,136273,8931
all,4,a,3337,0.024488,136273,8931
all,5,be,3299,0.024209,136273,8931
all,6,and,2729,0.020026,136273,8931
all,7,in,1637,0.012013,136273,8931
all,8,have,1245,0.009136,136273,8931
all,9,for,1244,0.009129,136273,8931
all,10,student,1203,0.008828,136273,8931
meaningful_filter,1,student,1203,0.013536,88871,8827
meaningful_filter,2,teacher,1076,0.012107,88871,8827
meaningful_filter,3,number,974,0.01096,88871,8827
meaningful_filter,4,fraction,839,0.009441,88871,8827
meaningful_filter,5,answer,726,0.008169,88871,8827
meaningful_filter,6,x,654,0.007359,88871,8827
meaningful_filter,7,2,576,0.006481,88871,8827
meaningful_filter,8,'s,548,0.006166,88871,8827
meaningful_filter,9,total,540,0.006076,88871,8827
meaningful_filter,10,5,508,0.005716,88871,8827
after_stopword_removal,1,student,1203,0.013536,88871,8827
after_stopword_removal,2,teacher,1076,0.012107,88871,8827
after_stopword_removal,3,number,974,0.01096,88871,8827
after_stopword_removal,4,fraction,839,0.009441,88871,8827
after_stopword_removal,5,answer,726,0.008169,88871,8827
after_stopword_removal,6,x,654,0.007359,88871,8827
after_stopword_removal,7,2,576,0.006481,88871,8827
after_stopword_removal,8,'s,548,0.006166,88871,8827
after_stopword_removal,9,total,540,0.006076,88871,8827
after_stopword_removal,10,5,508,0.005716,88871,8827
