doc_id,line,text,malrule_id,malrule
D25,1,I did 1/2+1/3=2/5 because you add the tops and then add the bottoms.,M01,Adds numerators and adds denominators
D25,2,I added the top numbers and the bottom numbers so 2/7 + 3/7 = 5/14.,M01,Adds numerators and adds denominators
D25,3,For 3/4 + 1/4 I got 4/8 because 3 plus 1 is 4 and 4 plus 4 is 8.,M01,Adds numerators and adds denominators
D25,4,"idk why its wrong, 2/3 + 1/6 is 3/9 cause u add across.",M01,Adds numerators and adds denominators
D25,5,1/8 is bigger than 1/6 because 8 is bigger than 6.,M02,Larger denominator means larger fraction
D25,6,"The fraction with the larger denominator is always the larger fraction, so 3/10 > 3/5.",M02,Larger denominator means larger fraction
D25,7,1/100 is more than 1/10 since a hundred pieces is a lot more pieces.,M02,Larger denominator means larger fraction
D25,8,When I multiply 2/3 x 3/4 I keep the denominator the same so it is 6/4.,M03,Keeps or equalises denominators when multiplying
D25,9,"To multiply fractions you need a common denominator first, so I changed 1/2 x 1/3 into 3/6 x 2/6.",M03,Keeps or equalises denominators when multiplying
D25,10,For 3/4 divided by 1/2 I flipped the 3/4 and got 4/3 x 1/2 = 4/6.,M04,Inverts the wrong fraction / division always makes smaller
D25,11,"Dividing by 1/2 makes it smaller, so 6 divided by 1/2 is 3.",M04,Inverts the wrong fraction / division always makes smaller
D25,12,0.125 is bigger than 0.5 because it has more digits.,M05,Longer decimal is bigger
D25,13,0.45 is greater than 0.6 since 45 is greater than 6.,M05,Longer decimal is bigger
D25,14,0.3 x 0.2 = 0.6 because 3 times 2 is 6.,M06,Multiplication always makes bigger (decimals treated as whole numbers)
D25,15,Multiplying always makes a number bigger so 8 x 0.5 must be more than 8.,M06,Multiplication always makes bigger (decimals treated as whole numbers)
D25,16,If a price goes down 50% and then up 50% it is back to the same price.,M07,Percentages treated as additive or as absolute amounts
D25,17,"A shirt costs Rs 400, 25% off and then another 25% off means 50% off, so it is Rs 200.",M07,Percentages treated as additive or as absolute amounts
D25,18,To add 2/3 + 1/4 I cross multiplied and got 8/3.,M08,Cross-multiplies when adding
D25,19,3½ is the same as 3/2 because the 3 goes on top of the 2.,M09,Misreads mixed numbers
D25,20,2 1/4 + 1 1/2 = 3 2/6 because I added the wholes and then added the fractions across.,M09,Misreads mixed numbers
D25,21,2/3 is equal to 4/5 because I added 2 to the top and 2 to the bottom.,M10,Equivalent fractions by adding the same number
D25,22,"You can make an equivalent fraction by adding the same number to both parts, like 1/2 = 3/4.",M10,Equivalent fractions by adding the same number
D25,23,"3/4 is not one number, it is a 3 and a 4 so you cant put it on a number line.",M11,Fraction seen as two separate whole numbers
D25,24,"A fraction cannot be bigger than 1, so 5/4 is not a real fraction.",M11,Fraction seen as two separate whole numbers
D25,25,"I knew I needed a common denominator, so 1/2 + 1/3 = 3/6 + 2/6, but I wrote 6/6 by mistake.",SLIP,"Correct procedure, arithmetic slip"
D25,26,"I found the LCD of 4 and 6 is 12, then 3/12 + 10/12 = 13/12 oops I meant 3/12 + 2/12.",SLIP,"Correct procedure, arithmetic slip"
D25,27,I changed 1/2 + 1/3 into 3/6 + 2/6 so the answer is 5/6.,M00,Correct reasoning (control)
D25,28,You need the same denominator because you can only add pieces that are the same size.,M00,Correct reasoning (control)
D25,29,1/6 is bigger than 1/8 because when the whole is cut into fewer pieces each piece is bigger.,M00,Correct reasoning (control)
D25,30,0.5 is bigger than 0.125 because 0.5 is 0.500 and 500 thousandths is more than 125 thousandths.,M00,Correct reasoning (control)
D25,31,"To divide 3/4 by 1/2 I keep 3/4, change to multiply and flip 1/2, so 3/4 x 2/1 = 6/4 = 1 1/2.",M00,Correct reasoning (control)
D25,32,2/3 = 4/6 because I multiplied the top and the bottom by 2.,M00,Correct reasoning (control)
D25,33,"Multiplying by a number less than 1 like 0.5 makes the answer smaller, 8 x 0.5 = 4.",M00,Correct reasoning (control)
D25,34,"I think 1/2 + 1/2 = 2/4, which is still a half so it works.",M01,Adds numerators and adds denominators
D25,35,dont you just add the numerators and add the denominators? my answer was 4/10 for 1/5 + 3/5.,M01,Adds numerators and adds denominators
D25,36,i said 7/12 is less than 1/3 because 12 is a big number so the pieces are tiny.,M02,Larger denominator means larger fraction
D25,37,The answer to 12.5% of 80 is 12.5 because percent means the same number.,M07,Percentages treated as additive or as absolute amounts
D25,38,"50% of 40 is 20, then I added 50% of 20 to get back to 40.",M07,Percentages treated as additive or as absolute amounts
D25,39,"When the denominators are different I add them anyway, 1/4 + 1/2 = 2/6.",M01,Adds numerators and adds denominators
D25,40,"I multiplied top and bottom by different numbers, 3/5 = 6/15.",M10,Equivalent fractions by adding the same number
